{"cameraMode":{"drawMode":0,"name":"Shaded","section":"Shading Mode"},"sceneLighting":true,"audioPlay":false,"sceneViewState":{"showFog":true,"showMaterialUpdate":false,"showSkybox":true,"showFlares":true,"showImageEffects":true,"showParticleSystems":true},"in2DMode":false,"pivot":{"x":-86.50758361816406,"y":-5.626263618469238,"z":-43.879905700683597},"rotation":{"x":0.20417988300323487,"y":-0.19718071818351746,"z":0.042027052491903308,"w":0.9579505324363709},"size":36.594017028808597,"orthographic":false}